taxon	unknown	unknown.1	unknown.2	unknown.3	unknown.4	unknown.5	unknown.6	unknown.7	16S-ribosomal-RNA	unknown.8	16S-ribosomal-RNA.1	unknown.9	16S-ribosomal-RNA.2	16S-ribosomal-RNA.3	16S-ribosomal-RNA.4	16S-ribosomal-RNA.5	unknown.10	unknown.11	unknown.12	unknown.13	unknown.14	unknown.15	unknown.16	unknown.17	unknown.18	unknown.19	unknown.20	unknown.21	unknown.22	unknown.23	unknown.24	unknown.25	unknown.26	unknown.27	unknown.28	unknown.29	unknown.30	unknown.31	unknown.32	
Mirza zaza											2015-11-19-PRIMATES-NOBIN-1_B3KPAK				2015-11-19-PRIMATES-NOBIN-1_0UM2ES					2015-11-19-PRIMATES-NOBIN-1_O6MP1F																				
Cheirogaleus crossleyi											2015-11-19-PRIMATES-NOBIN-1_70661I				2015-11-19-PRIMATES-NOBIN-1_FO78UU						2015-11-19-PRIMATES-NOBIN-1_98BEVD																			
Chlorocebus cynosuros						2015-11-19-PRIMATES-NOBIN-1_Z146W2		2015-11-19-PRIMATES-NOBIN-1_JBOPIL																							2015-11-19-PRIMATES-NOBIN-1_C8JMNX									
Galagoides zanzibaricus	2015-11-19-PRIMATES-NOBIN-1_7H06BT												2015-11-19-PRIMATES-NOBIN-1_YECMCQ																							2015-11-19-PRIMATES-NOBIN-1_URTNH5				
Allocebus trichotis																				2015-11-19-PRIMATES-NOBIN-1_MMHNT9																	2015-11-19-PRIMATES-NOBIN-1_N0VCXG	2015-11-19-PRIMATES-NOBIN-1_OAOULG		
Galago alleni	2015-11-19-PRIMATES-NOBIN-1_4U23K8				2015-11-19-PRIMATES-NOBIN-1_9MDW9Z								2015-11-19-PRIMATES-NOBIN-1_VO7A3T																											
Tarsius tarsier																	2015-11-19-PRIMATES-NOBIN-1_K4TSDE							2015-11-19-PRIMATES-NOBIN-1_BI72R6		2015-11-19-PRIMATES-NOBIN-1_T5EOSQ														
Chiropotes albinasus		2015-11-19-PRIMATES-NOBIN-1_BPTVJE																														2015-11-19-PRIMATES-NOBIN-1_O341J1	2015-11-19-PRIMATES-NOBIN-1_9LC6LL							
Rungwecebus kipunji						2015-11-19-PRIMATES-NOBIN-1_VKSJJ6																							2015-11-19-PRIMATES-NOBIN-1_2CA42K	2015-11-19-PRIMATES-NOBIN-1_EBZCQK										
Hapalemur aureus													2015-11-19-PRIMATES-NOBIN-1_T9QX3Z					2015-11-19-PRIMATES-NOBIN-1_K3P6RT		2015-11-19-PRIMATES-NOBIN-1_OVRR85																				
Avahi occidentalis													2015-11-19-PRIMATES-NOBIN-1_ZDMC3E		2015-11-19-PRIMATES-NOBIN-1_L46ACL					2015-11-19-PRIMATES-NOBIN-1_BL6QXK																				
Euoticus elegantulus	2015-11-19-PRIMATES-NOBIN-1_QFLDBL				2015-11-19-PRIMATES-NOBIN-1_YNDC4W								2015-11-19-PRIMATES-NOBIN-1_K8VRPP																											
Hoolock leuconedys																			2015-11-19-PRIMATES-NOBIN-1_F8XL83								2015-11-19-PRIMATES-NOBIN-1_KRK6CS								2015-11-19-PRIMATES-NOBIN-1_VBE0GL					
Simias concolor							2015-11-19-PRIMATES-NOBIN-1_07YBLN	2015-11-19-PRIMATES-NOBIN-1_OBJQ7K																				2015-11-19-PRIMATES-NOBIN-1_QPRDVM												
Hapalemur simus													2015-11-19-PRIMATES-NOBIN-1_HXIPX7					2015-11-19-PRIMATES-NOBIN-1_Q3UKA7		2015-11-19-PRIMATES-NOBIN-1_46S7EA																				
Gorilla beringei			2015-11-19-PRIMATES-NOBIN-1_50KLRJ	2015-11-19-PRIMATES-NOBIN-1_UGLVP2																																			2015-11-19-PRIMATES-NOBIN-1_DA33PJ	
Procolobus verus							2015-11-19-PRIMATES-NOBIN-1_GPHBRT	2015-11-19-PRIMATES-NOBIN-1_ZRISNJ																				2015-11-19-PRIMATES-NOBIN-1_EB664P												
Lophocebus albigena						2015-11-19-PRIMATES-NOBIN-1_NHTS2S		2015-11-19-PRIMATES-NOBIN-1_QMY8ZR																							2015-11-19-PRIMATES-NOBIN-1_7MYMEJ									
Saimiri ustus																						2015-11-19-PRIMATES-NOBIN-1_VSLTPG	2015-11-19-PRIMATES-NOBIN-1_DBGHPA		2015-11-19-PRIMATES-NOBIN-1_H5XEP5															
Cacajao rubicundus									2015-11-19-PRIMATES-NOBIN-1_FOG0YR							2015-11-19-PRIMATES-NOBIN-1_ZMN3HC																		2015-11-19-PRIMATES-NOBIN-1_1YGYMD						
Varecia variegata													2015-11-19-PRIMATES-NOBIN-1_AFT9WA																					2015-11-19-PRIMATES-NOBIN-1_RJVN4Y			2015-11-19-PRIMATES-NOBIN-1_UAXS4X			
Microcebus rufus											2015-11-19-PRIMATES-NOBIN-1_USK7KB		2015-11-19-PRIMATES-NOBIN-1_ZJ25FO		2015-11-19-PRIMATES-NOBIN-1_ZU4W49					2015-11-19-PRIMATES-NOBIN-1_L80S8I	2015-11-19-PRIMATES-NOBIN-1_2IGMN5		2015-11-19-PRIMATES-NOBIN-1_WDAZKV																	
Cheirogaleus major							2015-11-19-PRIMATES-NOBIN-1_JWN4CI				2015-11-19-PRIMATES-NOBIN-1_G1ZAK5		2015-11-19-PRIMATES-NOBIN-1_45OP4H		2015-11-19-PRIMATES-NOBIN-1_KMQLX6			2015-11-19-PRIMATES-NOBIN-1_UZ5SS7		2015-11-19-PRIMATES-NOBIN-1_HS9SNT	2015-11-19-PRIMATES-NOBIN-1_JG6BTC																	2015-11-19-PRIMATES-NOBIN-1_F0Z6K5		
Galagoides demidoff	2015-11-19-PRIMATES-NOBIN-1_DQEF32												2015-11-19-PRIMATES-NOBIN-1_NUVJ0D		2015-11-19-PRIMATES-NOBIN-1_JDK9S5																					2015-11-19-PRIMATES-NOBIN-1_AQW74M				
Microcebus tavaratra											2015-11-19-PRIMATES-NOBIN-1_S4W3ZJ				2015-11-19-PRIMATES-NOBIN-1_7SNVGC					2015-11-19-PRIMATES-NOBIN-1_DY7T5Q	2015-11-19-PRIMATES-NOBIN-1_4TU1VX		2015-11-19-PRIMATES-NOBIN-1_9HHA3T																	
Cercopithecus petaurista						2015-11-19-PRIMATES-NOBIN-1_1CN0BY		2015-11-19-PRIMATES-NOBIN-1_SBSZOU																2015-11-19-PRIMATES-NOBIN-1_90EH1O		2015-11-19-PRIMATES-NOBIN-1_8KSHAP									2015-11-19-PRIMATES-NOBIN-1_13YF50					
Chiropotes satanas																2015-11-19-PRIMATES-NOBIN-1_XZB63E												2015-11-19-PRIMATES-NOBIN-1_KHJAIT				2015-11-19-PRIMATES-NOBIN-1_C097IS								
Lepilemur jamesi																					2015-11-19-PRIMATES-NOBIN-1_WRGB53	2015-11-19-PRIMATES-NOBIN-1_AZ3FC8	2015-11-19-PRIMATES-NOBIN-1_312H7S																	
Varecia rubra							2015-11-19-PRIMATES-NOBIN-1_3B7ZFQ						2015-11-19-PRIMATES-NOBIN-1_4VREGG		2015-11-19-PRIMATES-NOBIN-1_MTMGUF					2015-11-19-PRIMATES-NOBIN-1_XFK1XP	2015-11-19-PRIMATES-NOBIN-1_51WX3J	2015-11-19-PRIMATES-NOBIN-1_DIT1FR			2015-11-19-PRIMATES-NOBIN-1_RSXTKG															
Tarsius syrichta							2015-11-19-PRIMATES-NOBIN-1_AOGPTL										2015-11-19-PRIMATES-NOBIN-1_MZHSNT				2015-11-19-PRIMATES-NOBIN-1_NRQNAM	2015-11-19-PRIMATES-NOBIN-1_1S2SLP	2015-11-19-PRIMATES-NOBIN-1_402SF7		2015-11-19-PRIMATES-NOBIN-1_PTIFGS	2015-11-19-PRIMATES-NOBIN-1_7HZ4MK				2015-11-19-PRIMATES-NOBIN-1_H3ABL4										
Brachyteles hypoxanthus							2015-11-19-PRIMATES-NOBIN-1_UCN634							2015-11-19-PRIMATES-NOBIN-1_N2IJYU							2015-11-19-PRIMATES-NOBIN-1_GU52IG	2015-11-19-PRIMATES-NOBIN-1_VI4O4G	2015-11-19-PRIMATES-NOBIN-1_PANKQV			2015-11-19-PRIMATES-NOBIN-1_EPKDQ2														
Lepilemur ankaranensis													2015-11-19-PRIMATES-NOBIN-1_WL3EGB							2015-11-19-PRIMATES-NOBIN-1_3BKR8F	2015-11-19-PRIMATES-NOBIN-1_NW5DEZ		2015-11-19-PRIMATES-NOBIN-1_QCTXM7		2015-11-19-PRIMATES-NOBIN-1_9OUUSZ															
Semnopithecus hector							2015-11-19-PRIMATES-NOBIN-1_GHQ5Z1							2015-11-19-PRIMATES-NOBIN-1_Q10MH8								2015-11-19-PRIMATES-NOBIN-1_BESGO3	2015-11-19-PRIMATES-NOBIN-1_OITPTK	2015-11-19-PRIMATES-NOBIN-1_HSJ734	2015-11-19-PRIMATES-NOBIN-1_DN8GKJ	2015-11-19-PRIMATES-NOBIN-1_DRFT3S														
Presbytis comata							2015-11-19-PRIMATES-NOBIN-1_QH74A5							2015-11-19-PRIMATES-NOBIN-1_OS60F4							2015-11-19-PRIMATES-NOBIN-1_CAR9KD		2015-11-19-PRIMATES-NOBIN-1_AELFQ3	2015-11-19-PRIMATES-NOBIN-1_EV82DH	2015-11-19-PRIMATES-NOBIN-1_Q3MKO5	2015-11-19-PRIMATES-NOBIN-1_W7NKX9														
Cacajao melanocephalus							2015-11-19-PRIMATES-NOBIN-1_2KLCJ3							2015-11-19-PRIMATES-NOBIN-1_XWW74L							2015-11-19-PRIMATES-NOBIN-1_4S0277		2015-11-19-PRIMATES-NOBIN-1_SWL20G			2015-11-19-PRIMATES-NOBIN-1_020DHE						2015-11-19-PRIMATES-NOBIN-1_B6PXB8	2015-11-19-PRIMATES-NOBIN-1_3BGQEB							
Arctocebus calabarensis													2015-11-19-PRIMATES-NOBIN-1_M4JE5T								2015-11-19-PRIMATES-NOBIN-1_UDNTLR	2015-11-19-PRIMATES-NOBIN-1_ULEPFD	2015-11-19-PRIMATES-NOBIN-1_SKKWQV		2015-11-19-PRIMATES-NOBIN-1_S7W413											2015-11-19-PRIMATES-NOBIN-1_YR3RIJ				
Lagothrix cana								2015-11-19-PRIMATES-NOBIN-1_YJ51S9													2015-11-19-PRIMATES-NOBIN-1_JWT5RJ		2015-11-19-PRIMATES-NOBIN-1_QD4BUE	2015-11-19-PRIMATES-NOBIN-1_H43651	2015-11-19-PRIMATES-NOBIN-1_J2DWT4	2015-11-19-PRIMATES-NOBIN-1_IG03EK														
Callithrix kuhlii							2015-11-19-PRIMATES-NOBIN-1_TZ3GBD	2015-11-19-PRIMATES-NOBIN-1_41EQUP						2015-11-19-PRIMATES-NOBIN-1_1N5VBO							2015-11-19-PRIMATES-NOBIN-1_D4UD4M	2015-11-19-PRIMATES-NOBIN-1_LACSFZ	2015-11-19-PRIMATES-NOBIN-1_IM1EH0			2015-11-19-PRIMATES-NOBIN-1_FDV92N						2015-11-19-PRIMATES-NOBIN-1_HKMG9G	2015-11-19-PRIMATES-NOBIN-1_0O0UT4							
Pygathrix cinerea							2015-11-19-PRIMATES-NOBIN-1_7CRI64	2015-11-19-PRIMATES-NOBIN-1_1J97TE						2015-11-19-PRIMATES-NOBIN-1_PQIRNY							2015-11-19-PRIMATES-NOBIN-1_JXRO9J	2015-11-19-PRIMATES-NOBIN-1_H5QMXT	2015-11-19-PRIMATES-NOBIN-1_SV0DEW	2015-11-19-PRIMATES-NOBIN-1_697HX3	2015-11-19-PRIMATES-NOBIN-1_AGO3RT	2015-11-19-PRIMATES-NOBIN-1_NT1PQ5														
Saimiri boliviensis												2015-11-19-PRIMATES-NOBIN-1_5BISQ7		2015-11-19-PRIMATES-NOBIN-1_O79LGU					2015-11-19-PRIMATES-NOBIN-1_SQZ2EY																					
Cebus xanthosternos							2015-11-19-PRIMATES-NOBIN-1_7V2781	2015-11-19-PRIMATES-NOBIN-1_6Q9Q0R						2015-11-19-PRIMATES-NOBIN-1_M4XB13							2015-11-19-PRIMATES-NOBIN-1_S3SUPF	2015-11-19-PRIMATES-NOBIN-1_GHYMR8	2015-11-19-PRIMATES-NOBIN-1_3WM1Q5		2015-11-19-PRIMATES-NOBIN-1_YRCLMO	2015-11-19-PRIMATES-NOBIN-1_6BJ1TL						2015-11-19-PRIMATES-NOBIN-1_KF4TQ1	2015-11-19-PRIMATES-NOBIN-1_6BI72R							
Pongo abelii			2015-11-19-PRIMATES-NOBIN-1_AUB5A7	2015-11-19-PRIMATES-NOBIN-1_I74ALP			2015-11-19-PRIMATES-NOBIN-1_NOJ6TV	2015-11-19-PRIMATES-NOBIN-1_BPCDKJ		2015-11-19-PRIMATES-NOBIN-1_VOQID5									2015-11-19-PRIMATES-NOBIN-1_AYSE52								2015-11-19-PRIMATES-NOBIN-1_GJAR6M	2015-11-19-PRIMATES-NOBIN-1_BN6WUH												
Trachypithecus delacouri							2015-11-19-PRIMATES-NOBIN-1_S1NXQL	2015-11-19-PRIMATES-NOBIN-1_4T19XB						2015-11-19-PRIMATES-NOBIN-1_W8XK0V							2015-11-19-PRIMATES-NOBIN-1_NVK44Z	2015-11-19-PRIMATES-NOBIN-1_LAGXM7	2015-11-19-PRIMATES-NOBIN-1_UEIGJ1	2015-11-19-PRIMATES-NOBIN-1_QXT0FN	2015-11-19-PRIMATES-NOBIN-1_SMA63C	2015-11-19-PRIMATES-NOBIN-1_GBRBTN														
Nycticebus bengalensis													2015-11-19-PRIMATES-NOBIN-1_CSK0D8								2015-11-19-PRIMATES-NOBIN-1_QP93MF	2015-11-19-PRIMATES-NOBIN-1_NMT6XS	2015-11-19-PRIMATES-NOBIN-1_4X6732		2015-11-19-PRIMATES-NOBIN-1_UXAP3O															
Miopithecus talapoin						2015-11-19-PRIMATES-NOBIN-1_2SPLCZ		2015-11-19-PRIMATES-NOBIN-1_D5DOSF		2015-11-19-PRIMATES-NOBIN-1_WR8A20																									2015-11-19-PRIMATES-NOBIN-1_XPNYV6					
Callicebus personatus														2015-11-19-PRIMATES-NOBIN-1_2E35GI		2015-11-19-PRIMATES-NOBIN-1_8VA6BD					2015-11-19-PRIMATES-NOBIN-1_2SN5OH	2015-11-19-PRIMATES-NOBIN-1_ADUPUK	2015-11-19-PRIMATES-NOBIN-1_WHER2C									2015-11-19-PRIMATES-NOBIN-1_XUC3BZ	2015-11-19-PRIMATES-NOBIN-1_5Y7B23							
Aotus griseimembra							2015-11-19-PRIMATES-NOBIN-1_7G6S8Z	2015-11-19-PRIMATES-NOBIN-1_TTBHCJ						2015-11-19-PRIMATES-NOBIN-1_6O4YUT							2015-11-19-PRIMATES-NOBIN-1_89WHKD	2015-11-19-PRIMATES-NOBIN-1_U7KAMH	2015-11-19-PRIMATES-NOBIN-1_2ZEIFU	2015-11-19-PRIMATES-NOBIN-1_SYF5PC	2015-11-19-PRIMATES-NOBIN-1_EZU37T	2015-11-19-PRIMATES-NOBIN-1_W37RL9														
Avahi laniger													2015-11-19-PRIMATES-NOBIN-1_XZFW13		2015-11-19-PRIMATES-NOBIN-1_7DP6PB					2015-11-19-PRIMATES-NOBIN-1_JQP0Y1	2015-11-19-PRIMATES-NOBIN-1_H1TVKD	2015-11-19-PRIMATES-NOBIN-1_ZDX8FE	2015-11-19-PRIMATES-NOBIN-1_ATJEFH		2015-11-19-PRIMATES-NOBIN-1_G2JZP7															
Propithecus tattersalli													2015-11-19-PRIMATES-NOBIN-1_MRCAA4		2015-11-19-PRIMATES-NOBIN-1_TV5KNN					2015-11-19-PRIMATES-NOBIN-1_ZX2E23	2015-11-19-PRIMATES-NOBIN-1_RWAZ5A	2015-11-19-PRIMATES-NOBIN-1_DL8XNT	2015-11-19-PRIMATES-NOBIN-1_S0B3OI		2015-11-19-PRIMATES-NOBIN-1_TXR7X3															
Pygathrix nigripes							2015-11-19-PRIMATES-NOBIN-1_0D7G8G	2015-11-19-PRIMATES-NOBIN-1_5KOIW4						2015-11-19-PRIMATES-NOBIN-1_L95L30							2015-11-19-PRIMATES-NOBIN-1_Q339ZJ	2015-11-19-PRIMATES-NOBIN-1_CFUX4P	2015-11-19-PRIMATES-NOBIN-1_C61FL6	2015-11-19-PRIMATES-NOBIN-1_CWIP8R	2015-11-19-PRIMATES-NOBIN-1_TPRVHQ	2015-11-19-PRIMATES-NOBIN-1_MTF4HH		2015-11-19-PRIMATES-NOBIN-1_7QDRBO												
Galago moholi	2015-11-19-PRIMATES-NOBIN-1_LPV187				2015-11-19-PRIMATES-NOBIN-1_QXXDGI								2015-11-19-PRIMATES-NOBIN-1_EPRJFH								2015-11-19-PRIMATES-NOBIN-1_N5SAYS	2015-11-19-PRIMATES-NOBIN-1_MWY561	2015-11-19-PRIMATES-NOBIN-1_FXYXN5		2015-11-19-PRIMATES-NOBIN-1_OUH5W4															
Saguinus geoffroyi							2015-11-19-PRIMATES-NOBIN-1_3YIN4N							2015-11-19-PRIMATES-NOBIN-1_179DEU				2015-11-19-PRIMATES-NOBIN-1_WGO00D				2015-11-19-PRIMATES-NOBIN-1_FN2M6S	2015-11-19-PRIMATES-NOBIN-1_F7KAJW		2015-11-19-PRIMATES-NOBIN-1_8EPRL5	2015-11-19-PRIMATES-NOBIN-1_O4EXIJ														
Propithecus coquereli															2015-11-19-PRIMATES-NOBIN-1_6R34EK			2015-11-19-PRIMATES-NOBIN-1_OYCMS3		2015-11-19-PRIMATES-NOBIN-1_EHQP05	2015-11-19-PRIMATES-NOBIN-1_KDD1UD	2015-11-19-PRIMATES-NOBIN-1_VROBIE	2015-11-19-PRIMATES-NOBIN-1_9GW6YD		2015-11-19-PRIMATES-NOBIN-1_5EKNCO															
Nycticebus pygmaeus												2015-11-19-PRIMATES-NOBIN-1_Q8NNQP	2015-11-19-PRIMATES-NOBIN-1_8N7EHC					2015-11-19-PRIMATES-NOBIN-1_I6M0MW			2015-11-19-PRIMATES-NOBIN-1_K3ZLT4	2015-11-19-PRIMATES-NOBIN-1_33NSAB	2015-11-19-PRIMATES-NOBIN-1_FFW9SY		2015-11-19-PRIMATES-NOBIN-1_2J24DK											2015-11-19-PRIMATES-NOBIN-1_TE4QF0				
Alouatta palliata		2015-11-19-PRIMATES-NOBIN-1_M6Y0WE						2015-11-19-PRIMATES-NOBIN-1_MH6PEL						2015-11-19-PRIMATES-NOBIN-1_6Z8KKQ								2015-11-19-PRIMATES-NOBIN-1_DWUKIP	2015-11-19-PRIMATES-NOBIN-1_O0KCIA	2015-11-19-PRIMATES-NOBIN-1_5UR1GX	2015-11-19-PRIMATES-NOBIN-1_B1LKQU	2015-11-19-PRIMATES-NOBIN-1_1C0VHE														
Loris tardigradus													2015-11-19-PRIMATES-NOBIN-1_58OSX8								2015-11-19-PRIMATES-NOBIN-1_9VAX5U	2015-11-19-PRIMATES-NOBIN-1_1T1BWL	2015-11-19-PRIMATES-NOBIN-1_2SXUQR											2015-11-19-PRIMATES-NOBIN-1_4A9H45		2015-11-19-PRIMATES-NOBIN-1_4CX077				
Cacajao calvus							2015-11-19-PRIMATES-NOBIN-1_QKDHM7	2015-11-19-PRIMATES-NOBIN-1_RQQS10						2015-11-19-PRIMATES-NOBIN-1_5LS6C6							2015-11-19-PRIMATES-NOBIN-1_P709A5		2015-11-19-PRIMATES-NOBIN-1_NSL94Q	2015-11-19-PRIMATES-NOBIN-1_ONIDTE	2015-11-19-PRIMATES-NOBIN-1_OF8FIC	2015-11-19-PRIMATES-NOBIN-1_WLZU4S														
Colobus polykomos							2015-11-19-PRIMATES-NOBIN-1_IKRKHQ			2015-11-19-PRIMATES-NOBIN-1_DA0A4E		2015-11-19-PRIMATES-NOBIN-1_6T7D6W		2015-11-19-PRIMATES-NOBIN-1_B2YZX4									2015-11-19-PRIMATES-NOBIN-1_R5QD4U	2015-11-19-PRIMATES-NOBIN-1_77FRWS	2015-11-19-PRIMATES-NOBIN-1_5OJ6E9	2015-11-19-PRIMATES-NOBIN-1_POVX0K		2015-11-19-PRIMATES-NOBIN-1_S13272						2015-11-19-PRIMATES-NOBIN-1_X0OEV6						
Mirza coquereli											2015-11-19-PRIMATES-NOBIN-1_1J6O6D		2015-11-19-PRIMATES-NOBIN-1_LRS74F		2015-11-19-PRIMATES-NOBIN-1_P2IVOU					2015-11-19-PRIMATES-NOBIN-1_7I0ELW		2015-11-19-PRIMATES-NOBIN-1_NJ1ET7	2015-11-19-PRIMATES-NOBIN-1_XJVDLH		2015-11-19-PRIMATES-NOBIN-1_3PK98O									2015-11-19-PRIMATES-NOBIN-1_XPWG09			2015-11-19-PRIMATES-NOBIN-1_6OMP6X	2015-11-19-PRIMATES-NOBIN-1_1UJG42		
Brachyteles arachnoides							2015-11-19-PRIMATES-NOBIN-1_6NAZLT							2015-11-19-PRIMATES-NOBIN-1_QLQNMP		2015-11-19-PRIMATES-NOBIN-1_N0M7J9					2015-11-19-PRIMATES-NOBIN-1_3VEVSI	2015-11-19-PRIMATES-NOBIN-1_D0M9L7				2015-11-19-PRIMATES-NOBIN-1_1QET1T	2015-11-19-PRIMATES-NOBIN-1_JK2P6I	2015-11-19-PRIMATES-NOBIN-1_CFE7AZ				2015-11-19-PRIMATES-NOBIN-1_7IEYHP	2015-11-19-PRIMATES-NOBIN-1_K65IQ1							
Chlorocebus sabaeus							2015-11-19-PRIMATES-NOBIN-1_I4FFNH	2015-11-19-PRIMATES-NOBIN-1_1HCCO9		2015-11-19-PRIMATES-NOBIN-1_YKULX1				2015-11-19-PRIMATES-NOBIN-1_4YMNT8				2015-11-19-PRIMATES-NOBIN-1_RB8TAK			2015-11-19-PRIMATES-NOBIN-1_LPUX7C	2015-11-19-PRIMATES-NOBIN-1_B5915F	2015-11-19-PRIMATES-NOBIN-1_GS8B82		2015-11-19-PRIMATES-NOBIN-1_NUGKBO	2015-11-19-PRIMATES-NOBIN-1_4VP7RY		2015-11-19-PRIMATES-NOBIN-1_3Z5F6P							2015-11-19-PRIMATES-NOBIN-1_ORHGH4					
Otolemur crassicaudatus	2015-11-19-PRIMATES-NOBIN-1_1GJKVG				2015-11-19-PRIMATES-NOBIN-1_QNNQ3R								2015-11-19-PRIMATES-NOBIN-1_5JNL5G								2015-11-19-PRIMATES-NOBIN-1_VYX2OA	2015-11-19-PRIMATES-NOBIN-1_707H60	2015-11-19-PRIMATES-NOBIN-1_PRDJYS		2015-11-19-PRIMATES-NOBIN-1_A7NNVK									2015-11-19-PRIMATES-NOBIN-1_3RRZPG						
Eulemur coronatus					2015-11-19-PRIMATES-NOBIN-1_GJCX9K		2015-11-19-PRIMATES-NOBIN-1_IW3FFX						2015-11-19-PRIMATES-NOBIN-1_GJB2YY					2015-11-19-PRIMATES-NOBIN-1_Z9QMCW		2015-11-19-PRIMATES-NOBIN-1_D9NUX2	2015-11-19-PRIMATES-NOBIN-1_EZ22S8	2015-11-19-PRIMATES-NOBIN-1_SX1D2W	2015-11-19-PRIMATES-NOBIN-1_AHNGD6		2015-11-19-PRIMATES-NOBIN-1_RA9ENH												2015-11-19-PRIMATES-NOBIN-1_Y1RLZW			
Eulemur rufus							2015-11-19-PRIMATES-NOBIN-1_WVS0HN						2015-11-19-PRIMATES-NOBIN-1_A9O33Y		2015-11-19-PRIMATES-NOBIN-1_Z92KD9			2015-11-19-PRIMATES-NOBIN-1_R9RF9P		2015-11-19-PRIMATES-NOBIN-1_XLAZ95	2015-11-19-PRIMATES-NOBIN-1_UOHS96	2015-11-19-PRIMATES-NOBIN-1_CVSCS9	2015-11-19-PRIMATES-NOBIN-1_MTN6E0		2015-11-19-PRIMATES-NOBIN-1_YD9KKT															
Cercopithecus lhoesti						2015-11-19-PRIMATES-NOBIN-1_8Y21GT	2015-11-19-PRIMATES-NOBIN-1_R1RI0B	2015-11-19-PRIMATES-NOBIN-1_13OZ03		2015-11-19-PRIMATES-NOBIN-1_QW7KZ7				2015-11-19-PRIMATES-NOBIN-1_SOFLV9							2015-11-19-PRIMATES-NOBIN-1_6F4AZK	2015-11-19-PRIMATES-NOBIN-1_5DZ8FI	2015-11-19-PRIMATES-NOBIN-1_B6Q36N	2015-11-19-PRIMATES-NOBIN-1_ERHCRG	2015-11-19-PRIMATES-NOBIN-1_401HWA	2015-11-19-PRIMATES-NOBIN-1_74B9PF					2015-11-19-PRIMATES-NOBIN-1_FQA7F5				2015-11-19-PRIMATES-NOBIN-1_6WUFNP					
Otolemur garnettii	2015-11-19-PRIMATES-NOBIN-1_BRCJ88				2015-11-19-PRIMATES-NOBIN-1_4FPRFU								2015-11-19-PRIMATES-NOBIN-1_8UTM8H				2015-11-19-PRIMATES-NOBIN-1_YDTDKI				2015-11-19-PRIMATES-NOBIN-1_QK79WP	2015-11-19-PRIMATES-NOBIN-1_GJXYAG	2015-11-19-PRIMATES-NOBIN-1_7MILOZ		2015-11-19-PRIMATES-NOBIN-1_3LJY3J									2015-11-19-PRIMATES-NOBIN-1_6Z9C4Z		2015-11-19-PRIMATES-NOBIN-1_JG4SJF				
Cercocebus atys									2015-11-19-PRIMATES-NOBIN-1_V85Q0R	2015-11-19-PRIMATES-NOBIN-1_032YIW		2015-11-19-PRIMATES-NOBIN-1_VN4QZR																	2015-11-19-PRIMATES-NOBIN-1_317J90	2015-11-19-PRIMATES-NOBIN-1_JYF4IC					2015-11-19-PRIMATES-NOBIN-1_739C3W					
Lophocebus aterrimus						2015-11-19-PRIMATES-NOBIN-1_RFRAMQ	2015-11-19-PRIMATES-NOBIN-1_TV4FUE	2015-11-19-PRIMATES-NOBIN-1_9NUFIP		2015-11-19-PRIMATES-NOBIN-1_1ARI0L				2015-11-19-PRIMATES-NOBIN-1_VRXRDC							2015-11-19-PRIMATES-NOBIN-1_5W607B	2015-11-19-PRIMATES-NOBIN-1_N8YQDO	2015-11-19-PRIMATES-NOBIN-1_TRFIVW	2015-11-19-PRIMATES-NOBIN-1_WAP5R3	2015-11-19-PRIMATES-NOBIN-1_3U6J8E	2015-11-19-PRIMATES-NOBIN-1_AVD6G3			2015-11-19-PRIMATES-NOBIN-1_ZO350S	2015-11-19-PRIMATES-NOBIN-1_R8SI5X				2015-11-19-PRIMATES-NOBIN-1_O2M616						
Pithecia irrorata														2015-11-19-PRIMATES-NOBIN-1_L8OU27		2015-11-19-PRIMATES-NOBIN-1_BW95JD						2015-11-19-PRIMATES-NOBIN-1_WZ3LYH	2015-11-19-PRIMATES-NOBIN-1_GWL47F			2015-11-19-PRIMATES-NOBIN-1_B6651S		2015-11-19-PRIMATES-NOBIN-1_5PGULE				2015-11-19-PRIMATES-NOBIN-1_WNXVKO	2015-11-19-PRIMATES-NOBIN-1_AVB4TG	2015-11-19-PRIMATES-NOBIN-1_ZW77FH						
Alouatta sara														2015-11-19-PRIMATES-NOBIN-1_MW2O92								2015-11-19-PRIMATES-NOBIN-1_VE1JW6	2015-11-19-PRIMATES-NOBIN-1_0PM5AR	2015-11-19-PRIMATES-NOBIN-1_EGV7ML	2015-11-19-PRIMATES-NOBIN-1_F5EH86	2015-11-19-PRIMATES-NOBIN-1_NFC9PD														
Daubentonia madagascariensis							2015-11-19-PRIMATES-NOBIN-1_8I2H01						2015-11-19-PRIMATES-NOBIN-1_MCGK5P				2015-11-19-PRIMATES-NOBIN-1_8B6SAP				2015-11-19-PRIMATES-NOBIN-1_VRPG39	2015-11-19-PRIMATES-NOBIN-1_LH0UKS	2015-11-19-PRIMATES-NOBIN-1_I8YAAF		2015-11-19-PRIMATES-NOBIN-1_W36O4J									2015-11-19-PRIMATES-NOBIN-1_17UI24				2015-11-19-PRIMATES-NOBIN-1_MGOMIW		
Ateles paniscus								2015-11-19-PRIMATES-NOBIN-1_LPQFAY				2015-11-19-PRIMATES-NOBIN-1_J6UD3E									2015-11-19-PRIMATES-NOBIN-1_0P4F9X	2015-11-19-PRIMATES-NOBIN-1_QSH7CT	2015-11-19-PRIMATES-NOBIN-1_R8LY9Y	2015-11-19-PRIMATES-NOBIN-1_JZDZIO	2015-11-19-PRIMATES-NOBIN-1_KFPVSZ	2015-11-19-PRIMATES-NOBIN-1_H0XQF1						2015-11-19-PRIMATES-NOBIN-1_TYYGIC	2015-11-19-PRIMATES-NOBIN-1_YTVASE							
Callithrix penicillata							2015-11-19-PRIMATES-NOBIN-1_WFA62O	2015-11-19-PRIMATES-NOBIN-1_0TSLFD						2015-11-19-PRIMATES-NOBIN-1_3JT32I		2015-11-19-PRIMATES-NOBIN-1_Y5GTBT					2015-11-19-PRIMATES-NOBIN-1_Y24SSZ	2015-11-19-PRIMATES-NOBIN-1_A2VH73	2015-11-19-PRIMATES-NOBIN-1_OT5DJ5		2015-11-19-PRIMATES-NOBIN-1_FSISFW	2015-11-19-PRIMATES-NOBIN-1_E1DLID						2015-11-19-PRIMATES-NOBIN-1_XW4ZW1	2015-11-19-PRIMATES-NOBIN-1_0S5P3H							
Cercocebus agilis						2015-11-19-PRIMATES-NOBIN-1_842JSR		2015-11-19-PRIMATES-NOBIN-1_744D1Y	2015-11-19-PRIMATES-NOBIN-1_B5YDII																				2015-11-19-PRIMATES-NOBIN-1_BJZM7K	2015-11-19-PRIMATES-NOBIN-1_SCLTLZ	2015-11-19-PRIMATES-NOBIN-1_Z8BZCE				2015-11-19-PRIMATES-NOBIN-1_TE5T0Y					
Rhinopithecus roxellana							2015-11-19-PRIMATES-NOBIN-1_UL5ZU3	2015-11-19-PRIMATES-NOBIN-1_4Q5H9D		2015-11-19-PRIMATES-NOBIN-1_2TU6JR		2015-11-19-PRIMATES-NOBIN-1_VT6T02																2015-11-19-PRIMATES-NOBIN-1_85H408												
Mandrillus leucophaeus							2015-11-19-PRIMATES-NOBIN-1_KLA4NK	2015-11-19-PRIMATES-NOBIN-1_O2VAKL	2015-11-19-PRIMATES-NOBIN-1_IMEX97	2015-11-19-PRIMATES-NOBIN-1_IR7YRG		2015-11-19-PRIMATES-NOBIN-1_07BDYI		2015-11-19-PRIMATES-NOBIN-1_L8LATM							2015-11-19-PRIMATES-NOBIN-1_8PWNBZ	2015-11-19-PRIMATES-NOBIN-1_JCKH50	2015-11-19-PRIMATES-NOBIN-1_ZD1ZPI	2015-11-19-PRIMATES-NOBIN-1_5EYPKV	2015-11-19-PRIMATES-NOBIN-1_NVVAAL	2015-11-19-PRIMATES-NOBIN-1_D3GX40			2015-11-19-PRIMATES-NOBIN-1_38UBAB	2015-11-19-PRIMATES-NOBIN-1_HRD1MI				2015-11-19-PRIMATES-NOBIN-1_3PHK4K	2015-11-19-PRIMATES-NOBIN-1_MYITK5					
Mandrillus sphinx						2015-11-19-PRIMATES-NOBIN-1_9IF0EB	2015-11-19-PRIMATES-NOBIN-1_178S14	2015-11-19-PRIMATES-NOBIN-1_MQ2F7Z		2015-11-19-PRIMATES-NOBIN-1_PK1RRE		2015-11-19-PRIMATES-NOBIN-1_LYTS1Q		2015-11-19-PRIMATES-NOBIN-1_ZD95LV							2015-11-19-PRIMATES-NOBIN-1_AUNHSD	2015-11-19-PRIMATES-NOBIN-1_BILY1P	2015-11-19-PRIMATES-NOBIN-1_CA1NYD	2015-11-19-PRIMATES-NOBIN-1_QSPXA0	2015-11-19-PRIMATES-NOBIN-1_4COEQ4	2015-11-19-PRIMATES-NOBIN-1_CACZ7R			2015-11-19-PRIMATES-NOBIN-1_8PNXS0	2015-11-19-PRIMATES-NOBIN-1_H813ZF					2015-11-19-PRIMATES-NOBIN-1_FE5CKJ					
Rhinopithecus bieti								2015-11-19-PRIMATES-NOBIN-1_6M53KC		2015-11-19-PRIMATES-NOBIN-1_ZBPIHR		2015-11-19-PRIMATES-NOBIN-1_0BTULZ																												
Nomascus gabriellae							2015-11-19-PRIMATES-NOBIN-1_SFFKKT	2015-11-19-PRIMATES-NOBIN-1_H338EM						2015-11-19-PRIMATES-NOBIN-1_L2A7W0					2015-11-19-PRIMATES-NOBIN-1_RXAALW		2015-11-19-PRIMATES-NOBIN-1_ATKSKU	2015-11-19-PRIMATES-NOBIN-1_RATG26	2015-11-19-PRIMATES-NOBIN-1_CQQB8J		2015-11-19-PRIMATES-NOBIN-1_AZDJVO	2015-11-19-PRIMATES-NOBIN-1_F4UPSP	2015-11-19-PRIMATES-NOBIN-1_1OGKVL								2015-11-19-PRIMATES-NOBIN-1_PRZBPX					
Ateles belzebuth							2015-11-19-PRIMATES-NOBIN-1_ULFBQB	2015-11-19-PRIMATES-NOBIN-1_CRB543								2015-11-19-PRIMATES-NOBIN-1_1PL340		2015-11-19-PRIMATES-NOBIN-1_T86MYZ			2015-11-19-PRIMATES-NOBIN-1_J7O34Y	2015-11-19-PRIMATES-NOBIN-1_B2Z0AO	2015-11-19-PRIMATES-NOBIN-1_M18UIU		2015-11-19-PRIMATES-NOBIN-1_MNMWWU	2015-11-19-PRIMATES-NOBIN-1_NJ0TAP														
Macaca nigra						2015-11-19-PRIMATES-NOBIN-1_TC8LB8	2015-11-19-PRIMATES-NOBIN-1_Y6YI4B	2015-11-19-PRIMATES-NOBIN-1_MXW44Z		2015-11-19-PRIMATES-NOBIN-1_7ZI2BX				2015-11-19-PRIMATES-NOBIN-1_7L1RG4							2015-11-19-PRIMATES-NOBIN-1_2FG4NT	2015-11-19-PRIMATES-NOBIN-1_U4M08F	2015-11-19-PRIMATES-NOBIN-1_JB8U43		2015-11-19-PRIMATES-NOBIN-1_YWR153	2015-11-19-PRIMATES-NOBIN-1_64TCQN									2015-11-19-PRIMATES-NOBIN-1_IGPQ1I					
Leontopithecus rosalia		2015-11-19-PRIMATES-NOBIN-1_3JE743						2015-11-19-PRIMATES-NOBIN-1_EGAXGQ		2015-11-19-PRIMATES-NOBIN-1_3PXAS5				2015-11-19-PRIMATES-NOBIN-1_14M4N7				2015-11-19-PRIMATES-NOBIN-1_CVPRTI	2015-11-19-PRIMATES-NOBIN-1_EPT41V			2015-11-19-PRIMATES-NOBIN-1_MR0S2U	2015-11-19-PRIMATES-NOBIN-1_IT1BLR			2015-11-19-PRIMATES-NOBIN-1_8UCAVB		2015-11-19-PRIMATES-NOBIN-1_XILKSL				2015-11-19-PRIMATES-NOBIN-1_DZP65W	2015-11-19-PRIMATES-NOBIN-1_TTYK0S							
Theropithecus gelada						2015-11-19-PRIMATES-NOBIN-1_RFHAX5	2015-11-19-PRIMATES-NOBIN-1_HSN471	2015-11-19-PRIMATES-NOBIN-1_GU1ZSQ	2015-11-19-PRIMATES-NOBIN-1_KYXCNT	2015-11-19-PRIMATES-NOBIN-1_VTM9YI				2015-11-19-PRIMATES-NOBIN-1_VMU2KK							2015-11-19-PRIMATES-NOBIN-1_4207C7	2015-11-19-PRIMATES-NOBIN-1_OVH6KW	2015-11-19-PRIMATES-NOBIN-1_8SN8UI					2015-11-19-PRIMATES-NOBIN-1_K1HW8Z	2015-11-19-PRIMATES-NOBIN-1_V4VO51	2015-11-19-PRIMATES-NOBIN-1_FTR7KI				2015-11-19-PRIMATES-NOBIN-1_KRZ8FN	2015-11-19-PRIMATES-NOBIN-1_WC262I					
Nomascus concolor		2015-11-19-PRIMATES-NOBIN-1_HBI3RJ								2015-11-19-PRIMATES-NOBIN-1_30L14M				2015-11-19-PRIMATES-NOBIN-1_BOUXI9			2015-11-19-PRIMATES-NOBIN-1_Q15RZD				2015-11-19-PRIMATES-NOBIN-1_NGMXPS	2015-11-19-PRIMATES-NOBIN-1_XQS0B9	2015-11-19-PRIMATES-NOBIN-1_C68ZQ9	2015-11-19-PRIMATES-NOBIN-1_W76OSJ	2015-11-19-PRIMATES-NOBIN-1_2LY5N8	2015-11-19-PRIMATES-NOBIN-1_B4AC51														
Callicebus moloch		2015-11-19-PRIMATES-NOBIN-1_CYO65T								2015-11-19-PRIMATES-NOBIN-1_7UC3VN		2015-11-19-PRIMATES-NOBIN-1_2UPZU3		2015-11-19-PRIMATES-NOBIN-1_ORXU1W							2015-11-19-PRIMATES-NOBIN-1_VVP9JM	2015-11-19-PRIMATES-NOBIN-1_F26GKH				2015-11-19-PRIMATES-NOBIN-1_SH2ICC						2015-11-19-PRIMATES-NOBIN-1_2PIBIA	2015-11-19-PRIMATES-NOBIN-1_L23BA6							
Pithecia pithecia							2015-11-19-PRIMATES-NOBIN-1_9UTXNQ		2015-11-19-PRIMATES-NOBIN-1_4CBF6R			2015-11-19-PRIMATES-NOBIN-1_PNX3OV		2015-11-19-PRIMATES-NOBIN-1_RQWV0S			2015-11-19-PRIMATES-NOBIN-1_CYZ4T8	2015-11-19-PRIMATES-NOBIN-1_UNY20F			2015-11-19-PRIMATES-NOBIN-1_VM7JSU	2015-11-19-PRIMATES-NOBIN-1_UM7F8N	2015-11-19-PRIMATES-NOBIN-1_AEMYSP	2015-11-19-PRIMATES-NOBIN-1_GILSAY	2015-11-19-PRIMATES-NOBIN-1_18TSLC	2015-11-19-PRIMATES-NOBIN-1_S8YSSY														
Macaca arctoides						2015-11-19-PRIMATES-NOBIN-1_13HQRJ	2015-11-19-PRIMATES-NOBIN-1_8YQWVM	2015-11-19-PRIMATES-NOBIN-1_SJHY3U		2015-11-19-PRIMATES-NOBIN-1_UBCDKF		2015-11-19-PRIMATES-NOBIN-1_J4608B		2015-11-19-PRIMATES-NOBIN-1_JLGPVP							2015-11-19-PRIMATES-NOBIN-1_X4NY8D	2015-11-19-PRIMATES-NOBIN-1_6RZ3L7	2015-11-19-PRIMATES-NOBIN-1_UQB2GE		2015-11-19-PRIMATES-NOBIN-1_29D4QX	2015-11-19-PRIMATES-NOBIN-1_9Z08RC								2015-11-19-PRIMATES-NOBIN-1_B9QG7M	2015-11-19-PRIMATES-NOBIN-1_RLJT86					
Piliocolobus badius							2015-11-19-PRIMATES-NOBIN-1_PG077A	2015-11-19-PRIMATES-NOBIN-1_3W541S													2015-11-19-PRIMATES-NOBIN-1_YAVGN6		2015-11-19-PRIMATES-NOBIN-1_5S1W9I		2015-11-19-PRIMATES-NOBIN-1_ZK24T8	2015-11-19-PRIMATES-NOBIN-1_WYZ1XA		2015-11-19-PRIMATES-NOBIN-1_2ZIG0E												
Leontopithecus chrysomelas							2015-11-19-PRIMATES-NOBIN-1_HNK0CJ	2015-11-19-PRIMATES-NOBIN-1_ZH0KOM		2015-11-19-PRIMATES-NOBIN-1_U58P5T				2015-11-19-PRIMATES-NOBIN-1_NIBKRU		2015-11-19-PRIMATES-NOBIN-1_E0KZMZ						2015-11-19-PRIMATES-NOBIN-1_1XP8J4	2015-11-19-PRIMATES-NOBIN-1_DL86GB		2015-11-19-PRIMATES-NOBIN-1_0RGOK4	2015-11-19-PRIMATES-NOBIN-1_WE0IAA						2015-11-19-PRIMATES-NOBIN-1_TH5W4Q	2015-11-19-PRIMATES-NOBIN-1_6IUER6							
Trachypithecus auratus							2015-11-19-PRIMATES-NOBIN-1_FZS23V	2015-11-19-PRIMATES-NOBIN-1_9FP17P						2015-11-19-PRIMATES-NOBIN-1_RR37WB							2015-11-19-PRIMATES-NOBIN-1_6FDEX9	2015-11-19-PRIMATES-NOBIN-1_1XJFCH	2015-11-19-PRIMATES-NOBIN-1_F43SS9	2015-11-19-PRIMATES-NOBIN-1_HFQBXJ	2015-11-19-PRIMATES-NOBIN-1_XVBYJV	2015-11-19-PRIMATES-NOBIN-1_IW1GW1														
Presbytis melalophos						2015-11-19-PRIMATES-NOBIN-1_1IZ9SG	2015-11-19-PRIMATES-NOBIN-1_JZT57V	2015-11-19-PRIMATES-NOBIN-1_0SV9ZV						2015-11-19-PRIMATES-NOBIN-1_18XZZG									2015-11-19-PRIMATES-NOBIN-1_2DZ2F0	2015-11-19-PRIMATES-NOBIN-1_77XDED	2015-11-19-PRIMATES-NOBIN-1_DYP8B9	2015-11-19-PRIMATES-NOBIN-1_34XP6W		2015-11-19-PRIMATES-NOBIN-1_C5BN9E												
Saguinus labiatus							2015-11-19-PRIMATES-NOBIN-1_XA8PLY							2015-11-19-PRIMATES-NOBIN-1_ESVQ6G				2015-11-19-PRIMATES-NOBIN-1_XCZ7GD				2015-11-19-PRIMATES-NOBIN-1_7XWWW9	2015-11-19-PRIMATES-NOBIN-1_CXFQN4		2015-11-19-PRIMATES-NOBIN-1_GBKY4V	2015-11-19-PRIMATES-NOBIN-1_EG85NF														
Callimico goeldii							2015-11-19-PRIMATES-NOBIN-1_84DXF1	2015-11-19-PRIMATES-NOBIN-1_98N2LY				2015-11-19-PRIMATES-NOBIN-1_TDIYBC		2015-11-19-PRIMATES-NOBIN-1_5GUVOP		2015-11-19-PRIMATES-NOBIN-1_42XO6J	2015-11-19-PRIMATES-NOBIN-1_6NJ9GK		2015-11-19-PRIMATES-NOBIN-1_JVNIVJ			2015-11-19-PRIMATES-NOBIN-1_CGJL47	2015-11-19-PRIMATES-NOBIN-1_PEX9T0		2015-11-19-PRIMATES-NOBIN-1_2XXXIR	2015-11-19-PRIMATES-NOBIN-1_B66I0T		2015-11-19-PRIMATES-NOBIN-1_ND1G1M				2015-11-19-PRIMATES-NOBIN-1_Q30984								
Papio papio						2015-11-19-PRIMATES-NOBIN-1_ZV2U9S	2015-11-19-PRIMATES-NOBIN-1_AB8Y03	2015-11-19-PRIMATES-NOBIN-1_KWMJMY		2015-11-19-PRIMATES-NOBIN-1_Z2CU09				2015-11-19-PRIMATES-NOBIN-1_8JQWE2							2015-11-19-PRIMATES-NOBIN-1_FTN2DN	2015-11-19-PRIMATES-NOBIN-1_ZYI3AR	2015-11-19-PRIMATES-NOBIN-1_NO56BR	2015-11-19-PRIMATES-NOBIN-1_3KMWO5	2015-11-19-PRIMATES-NOBIN-1_WBGFK5	2015-11-19-PRIMATES-NOBIN-1_AB82OA	2015-11-19-PRIMATES-NOBIN-1_DUJY5R		2015-11-19-PRIMATES-NOBIN-1_ZRVN1W	2015-11-19-PRIMATES-NOBIN-1_XTLCNY										
Lemur catta							2015-11-19-PRIMATES-NOBIN-1_P0V2M4						2015-11-19-PRIMATES-NOBIN-1_K9VC5X		2015-11-19-PRIMATES-NOBIN-1_9SNE79		2015-11-19-PRIMATES-NOBIN-1_I897CZ	2015-11-19-PRIMATES-NOBIN-1_9AUYR6		2015-11-19-PRIMATES-NOBIN-1_0EJNMU	2015-11-19-PRIMATES-NOBIN-1_9KNLV8	2015-11-19-PRIMATES-NOBIN-1_67HI04	2015-11-19-PRIMATES-NOBIN-1_0FNEQQ		2015-11-19-PRIMATES-NOBIN-1_MOJZHO									2015-11-19-PRIMATES-NOBIN-1_PVJKLG			2015-11-19-PRIMATES-NOBIN-1_6OX6JL	2015-11-19-PRIMATES-NOBIN-1_PPWCHE		
Aotus azarai		2015-11-19-PRIMATES-NOBIN-1_LRO8HE					2015-11-19-PRIMATES-NOBIN-1_6GNU9B	2015-11-19-PRIMATES-NOBIN-1_QCR4UM						2015-11-19-PRIMATES-NOBIN-1_TPVKVE							2015-11-19-PRIMATES-NOBIN-1_PDENZ1	2015-11-19-PRIMATES-NOBIN-1_BT1ILR	2015-11-19-PRIMATES-NOBIN-1_1PPHXT		2015-11-19-PRIMATES-NOBIN-1_XC1HJ6	2015-11-19-PRIMATES-NOBIN-1_2N3WWG		2015-11-19-PRIMATES-NOBIN-1_AK9P5X				2015-11-19-PRIMATES-NOBIN-1_HDUKW6	2015-11-19-PRIMATES-NOBIN-1_28Q8IP							
Erythrocebus patas						2015-11-19-PRIMATES-NOBIN-1_IIJFYS	2015-11-19-PRIMATES-NOBIN-1_IMHZN4	2015-11-19-PRIMATES-NOBIN-1_4EJQ94		2015-11-19-PRIMATES-NOBIN-1_AGKHPB				2015-11-19-PRIMATES-NOBIN-1_3NKSR3							2015-11-19-PRIMATES-NOBIN-1_ZOI8EG	2015-11-19-PRIMATES-NOBIN-1_2M7MFI	2015-11-19-PRIMATES-NOBIN-1_XILBN3		2015-11-19-PRIMATES-NOBIN-1_O9RU1O	2015-11-19-PRIMATES-NOBIN-1_UZYLNT		2015-11-19-PRIMATES-NOBIN-1_3P26S0		2015-11-19-PRIMATES-NOBIN-1_QMCZCE	2015-11-19-PRIMATES-NOBIN-1_0M7AOD				2015-11-19-PRIMATES-NOBIN-1_9T8NCO					
Semnopithecus entellus		2015-11-19-PRIMATES-NOBIN-1_3VV63U					2015-11-19-PRIMATES-NOBIN-1_PS8Q7C	2015-11-19-PRIMATES-NOBIN-1_Y8YOX1		2015-11-19-PRIMATES-NOBIN-1_UDJB40		2015-11-19-PRIMATES-NOBIN-1_740M9I		2015-11-19-PRIMATES-NOBIN-1_HHAEI9								2015-11-19-PRIMATES-NOBIN-1_F7JRS7	2015-11-19-PRIMATES-NOBIN-1_JID8PS		2015-11-19-PRIMATES-NOBIN-1_027007			2015-11-19-PRIMATES-NOBIN-1_33EEW9												
Nasalis larvatus							2015-11-19-PRIMATES-NOBIN-1_6BU2XQ	2015-11-19-PRIMATES-NOBIN-1_EOD4IC		2015-11-19-PRIMATES-NOBIN-1_BIWBTG		2015-11-19-PRIMATES-NOBIN-1_SIVROY		2015-11-19-PRIMATES-NOBIN-1_CZ8H0X							2015-11-19-PRIMATES-NOBIN-1_LAGY94	2015-11-19-PRIMATES-NOBIN-1_HBQ97X	2015-11-19-PRIMATES-NOBIN-1_2K3PBM	2015-11-19-PRIMATES-NOBIN-1_0TOW0A	2015-11-19-PRIMATES-NOBIN-1_LB4IJD	2015-11-19-PRIMATES-NOBIN-1_F9JYRX		2015-11-19-PRIMATES-NOBIN-1_QPT0Y8			2015-11-19-PRIMATES-NOBIN-1_SG83MW			2015-11-19-PRIMATES-NOBIN-1_K11QLE	2015-11-19-PRIMATES-NOBIN-1_ZRZ68Z					
Cebus apella		2015-11-19-PRIMATES-NOBIN-1_BSQAIY					2015-11-19-PRIMATES-NOBIN-1_ST79CP									2015-11-19-PRIMATES-NOBIN-1_DYPTE3			2015-11-19-PRIMATES-NOBIN-1_LR35AB		2015-11-19-PRIMATES-NOBIN-1_W2AR5M	2015-11-19-PRIMATES-NOBIN-1_6XK490	2015-11-19-PRIMATES-NOBIN-1_2485C5		2015-11-19-PRIMATES-NOBIN-1_NMRFMM	2015-11-19-PRIMATES-NOBIN-1_JFF1WI														
Papio anubis						2015-11-19-PRIMATES-NOBIN-1_SJFJF9	2015-11-19-PRIMATES-NOBIN-1_ARFI4J	2015-11-19-PRIMATES-NOBIN-1_NLXZ28	2015-11-19-PRIMATES-NOBIN-1_FRPCHM	2015-11-19-PRIMATES-NOBIN-1_O30BPM		2015-11-19-PRIMATES-NOBIN-1_HWG6B6		2015-11-19-PRIMATES-NOBIN-1_NOVRH6				2015-11-19-PRIMATES-NOBIN-1_FVV9R8			2015-11-19-PRIMATES-NOBIN-1_NH5OP4	2015-11-19-PRIMATES-NOBIN-1_TTR7FT	2015-11-19-PRIMATES-NOBIN-1_T5PWTL	2015-11-19-PRIMATES-NOBIN-1_VFBW8Q	2015-11-19-PRIMATES-NOBIN-1_V043DE	2015-11-19-PRIMATES-NOBIN-1_FMGMLP			2015-11-19-PRIMATES-NOBIN-1_B44CPH	2015-11-19-PRIMATES-NOBIN-1_GLLDLO				2015-11-19-PRIMATES-NOBIN-1_P9NTJH	2015-11-19-PRIMATES-NOBIN-1_Z40NAV					
Symphalangus syndactylus							2015-11-19-PRIMATES-NOBIN-1_SA65M8	2015-11-19-PRIMATES-NOBIN-1_J45Y3U	2015-11-19-PRIMATES-NOBIN-1_MSXXE2	2015-11-19-PRIMATES-NOBIN-1_FVA3HD		2015-11-19-PRIMATES-NOBIN-1_TKIUI9		2015-11-19-PRIMATES-NOBIN-1_ELIBYG					2015-11-19-PRIMATES-NOBIN-1_AAMF2Q		2015-11-19-PRIMATES-NOBIN-1_RLIBUY	2015-11-19-PRIMATES-NOBIN-1_DUFYJQ	2015-11-19-PRIMATES-NOBIN-1_V4NZ5Q	2015-11-19-PRIMATES-NOBIN-1_31JYSI	2015-11-19-PRIMATES-NOBIN-1_KDS7RM	2015-11-19-PRIMATES-NOBIN-1_IO1BVF	2015-11-19-PRIMATES-NOBIN-1_EBE5Y4							2015-11-19-PRIMATES-NOBIN-1_5RBUZ3						
Lagothrix lagotricha		2015-11-19-PRIMATES-NOBIN-1_NFHUEH					2015-11-19-PRIMATES-NOBIN-1_Q7JQGK									2015-11-19-PRIMATES-NOBIN-1_Q2GPY8					2015-11-19-PRIMATES-NOBIN-1_OH5C70		2015-11-19-PRIMATES-NOBIN-1_OQIDFT	2015-11-19-PRIMATES-NOBIN-1_8O4OHU	2015-11-19-PRIMATES-NOBIN-1_AD4UGK	2015-11-19-PRIMATES-NOBIN-1_I266KZ	2015-11-19-PRIMATES-NOBIN-1_OZMA78	2015-11-19-PRIMATES-NOBIN-1_ZVXJX3												
Colobus guereza		2015-11-19-PRIMATES-NOBIN-1_JMNF95					2015-11-19-PRIMATES-NOBIN-1_GN948N	2015-11-19-PRIMATES-NOBIN-1_L3E9QQ	2015-11-19-PRIMATES-NOBIN-1_UAWB9D	2015-11-19-PRIMATES-NOBIN-1_T7REMK				2015-11-19-PRIMATES-NOBIN-1_A6ITBI									2015-11-19-PRIMATES-NOBIN-1_MIOSYG		2015-11-19-PRIMATES-NOBIN-1_JGV6L0	2015-11-19-PRIMATES-NOBIN-1_4LY76J		2015-11-19-PRIMATES-NOBIN-1_UKZVR8						2015-11-19-PRIMATES-NOBIN-1_G5N4M9	2015-11-19-PRIMATES-NOBIN-1_BIKUIN					
Pan paniscus			2015-11-19-PRIMATES-NOBIN-1_HCCC04	2015-11-19-PRIMATES-NOBIN-1_76YNK9			2015-11-19-PRIMATES-NOBIN-1_XKGEEL	2015-11-19-PRIMATES-NOBIN-1_APBTKL	2015-11-19-PRIMATES-NOBIN-1_SPR8IT	2015-11-19-PRIMATES-NOBIN-1_9K486Q				2015-11-19-PRIMATES-NOBIN-1_1E3IKN				2015-11-19-PRIMATES-NOBIN-1_MRLU00			2015-11-19-PRIMATES-NOBIN-1_OI542D	2015-11-19-PRIMATES-NOBIN-1_TUKLST	2015-11-19-PRIMATES-NOBIN-1_39HGAX	2015-11-19-PRIMATES-NOBIN-1_9E8ZDQ	2015-11-19-PRIMATES-NOBIN-1_ORYTIJ	2015-11-19-PRIMATES-NOBIN-1_KPKS73				2015-11-19-PRIMATES-NOBIN-1_V2YHCB				2015-11-19-PRIMATES-NOBIN-1_ELFPLG	2015-11-19-PRIMATES-NOBIN-1_XEVJS0				2015-11-19-PRIMATES-NOBIN-1_XVT1J9	
Pongo pygmaeus							2015-11-19-PRIMATES-NOBIN-1_EDTG4E	2015-11-19-PRIMATES-NOBIN-1_GDYM2W	2015-11-19-PRIMATES-NOBIN-1_IGEC6T	2015-11-19-PRIMATES-NOBIN-1_1233FU		2015-11-19-PRIMATES-NOBIN-1_ALNI8K		2015-11-19-PRIMATES-NOBIN-1_CDQMWK				2015-11-19-PRIMATES-NOBIN-1_YQB4P8			2015-11-19-PRIMATES-NOBIN-1_O2FQ50	2015-11-19-PRIMATES-NOBIN-1_QREWBB	2015-11-19-PRIMATES-NOBIN-1_CF5Y0C	2015-11-19-PRIMATES-NOBIN-1_NWTSWQ	2015-11-19-PRIMATES-NOBIN-1_6H0RZX	2015-11-19-PRIMATES-NOBIN-1_CU1IDT		2015-11-19-PRIMATES-NOBIN-1_SOPEJN		2015-11-19-PRIMATES-NOBIN-1_UC6V5S		2015-11-19-PRIMATES-NOBIN-1_AN1YW9			2015-11-19-PRIMATES-NOBIN-1_G2OZMR				2015-11-19-PRIMATES-NOBIN-1_TEMQBL	
Pan troglodytes							2015-11-19-PRIMATES-NOBIN-1_H9DS8O	2015-11-19-PRIMATES-NOBIN-1_95ZZP5	2015-11-19-PRIMATES-NOBIN-1_I35TFK	2015-11-19-PRIMATES-NOBIN-1_02TGEI		2015-11-19-PRIMATES-NOBIN-1_USN6EH		2015-11-19-PRIMATES-NOBIN-1_ABQANT			2015-11-19-PRIMATES-NOBIN-1_ZDUXMC	2015-11-19-PRIMATES-NOBIN-1_DEY19T	2015-11-19-PRIMATES-NOBIN-1_7UGRE2		2015-11-19-PRIMATES-NOBIN-1_OTQKJZ	2015-11-19-PRIMATES-NOBIN-1_18M6H8	2015-11-19-PRIMATES-NOBIN-1_V2JLGG	2015-11-19-PRIMATES-NOBIN-1_4MQ0SP	2015-11-19-PRIMATES-NOBIN-1_KKZYV0	2015-11-19-PRIMATES-NOBIN-1_4VHHDV	2015-11-19-PRIMATES-NOBIN-1_4CKDQX	2015-11-19-PRIMATES-NOBIN-1_NWE46S						2015-11-19-PRIMATES-NOBIN-1_CHF17V	2015-11-19-PRIMATES-NOBIN-1_Z0IZR1				2015-11-19-PRIMATES-NOBIN-1_215UOR	
Gorilla gorilla			2015-11-19-PRIMATES-NOBIN-1_GGFSSK	2015-11-19-PRIMATES-NOBIN-1_O2OJFU			2015-11-19-PRIMATES-NOBIN-1_V5Q9DB	2015-11-19-PRIMATES-NOBIN-1_BFE7D0	2015-11-19-PRIMATES-NOBIN-1_L90PS4	2015-11-19-PRIMATES-NOBIN-1_9PLC57		2015-11-19-PRIMATES-NOBIN-1_2WPCI9		2015-11-19-PRIMATES-NOBIN-1_B7RCTS				2015-11-19-PRIMATES-NOBIN-1_4125H5	2015-11-19-PRIMATES-NOBIN-1_YZXFN4		2015-11-19-PRIMATES-NOBIN-1_38OYMZ	2015-11-19-PRIMATES-NOBIN-1_90A9LY	2015-11-19-PRIMATES-NOBIN-1_H7T5BM	2015-11-19-PRIMATES-NOBIN-1_7K868Q	2015-11-19-PRIMATES-NOBIN-1_CW1GXB	2015-11-19-PRIMATES-NOBIN-1_KIL6F3	2015-11-19-PRIMATES-NOBIN-1_1G8Y0P			2015-11-19-PRIMATES-NOBIN-1_6K95TX				2015-11-19-PRIMATES-NOBIN-1_1438D4	2015-11-19-PRIMATES-NOBIN-1_U2HZGF				2015-11-19-PRIMATES-NOBIN-1_PK3V83	
Homo sapiens			2015-11-19-PRIMATES-NOBIN-1_HLU0VF	2015-11-19-PRIMATES-NOBIN-1_2TJ39M			2015-11-19-PRIMATES-NOBIN-1_AKUE5Q	2015-11-19-PRIMATES-NOBIN-1_GU0MIZ	2015-11-19-PRIMATES-NOBIN-1_8J3WL7	2015-11-19-PRIMATES-NOBIN-1_4IBE76		2015-11-19-PRIMATES-NOBIN-1_YVCJSG		2015-11-19-PRIMATES-NOBIN-1_U3T2D3			2015-11-19-PRIMATES-NOBIN-1_X7NZV7	2015-11-19-PRIMATES-NOBIN-1_3CH73O	2015-11-19-PRIMATES-NOBIN-1_0E595B		2015-11-19-PRIMATES-NOBIN-1_0E1I3D	2015-11-19-PRIMATES-NOBIN-1_GJDXJE	2015-11-19-PRIMATES-NOBIN-1_38SVD7	2015-11-19-PRIMATES-NOBIN-1_8QDZC2	2015-11-19-PRIMATES-NOBIN-1_KOD5HF	2015-11-19-PRIMATES-NOBIN-1_XHMZWF				2015-11-19-PRIMATES-NOBIN-1_9POWD0				2015-11-19-PRIMATES-NOBIN-1_XR5X5U	2015-11-19-PRIMATES-NOBIN-1_E0VDI4				2015-11-19-PRIMATES-NOBIN-1_6NMFWM	
